{"cameraMode":{"drawMode":0,"name":"Shaded","section":"Shading Mode"},"sceneLighting":false,"audioPlay":false,"sceneViewState":{"showFog":true,"showMaterialUpdate":false,"showSkybox":false,"showFlares":true,"showImageEffects":true,"showParticleSystems":true},"in2DMode":false,"pivot":{"x":0.0,"y":4.762499809265137,"z":-2.3999996185302736},"rotation":{"x":-0.06572126597166062,"y":0.8388721346855164,"z":-0.10396795719861984,"w":-0.5302633047103882},"size":14.295005798339844,"orthographic":false}