{"cameraMode":{"drawMode":0,"name":"Shaded","section":"Shading Mode"},"sceneLighting":false,"audioPlay":false,"sceneViewState":{"showFog":true,"showMaterialUpdate":false,"showSkybox":false,"showFlares":true,"showImageEffects":true,"showParticleSystems":true},"in2DMode":false,"pivot":{"x":0.0,"y":1.6999999284744263,"z":101.19999694824219},"rotation":{"x":0.14715325832366944,"y":-0.804855465888977,"z":0.22439095377922059,"w":0.5293412804603577},"size":63.346492767333987,"orthographic":false}